Workbook

Sheet Rules
A1: Fantasy Golf Game – Masters 2026
A2: Hybrid snake draft + salary cap for 2 players. One major-ready workbook.
A4: Core rules
A5: 1. Each side drafts 4 golfers. No duplicates across the 8 drafted golfers.
A6: 2. Team must include at least 1 USA player, 1 European player, 1 Rest of World player, and 1 player ranked outside the top 30.
A7: 3. Salary cap uses pre-tournament OWGR ranking bands. Default cap is editable on Config sheet.
A8: 4. Pick exactly 1 captain per side. Captain doubles the full slot score, including penalties.
A9: 5. If a drafted golfer misses the cut, that slot gets the missed-cut penalty and may use 1 replacement.
A10: 6. Replacements cannot be current top-10 players by ranking.
A11: 7. Finish-position points only score down to 50th place.
A13: Scoring
A14: 1st = 100, 2nd = 80, 3rd = 70, 4th = 60, 5th = 50, 6th–50th descend by 1 point per place (6th = 48 ... 50th = 4).
... A25: https://www.owgr.com/events/masters-tournament-11286

Sheet Config
A1: Setting | B1: Value | C1: Notes
A2: Salary Cap | B2: 100 | C2: Editable total salary cap per team
A3: Birdie Bonus | B3: 2 | C3: Points per birdie
A4: Eagle Bonus | B4: 5 | C4: Points per eagle
A5: Bogey Penalty | B5: -1 | C5: Points per bogey
A6: Missed Cut Penalty | B6: -20 | C6: Applied when MC = Y
A7: Captain Multiplier | B7: 2 | C7: Captain doubles the full slot score
A8: Replacement Top-10 Lockout | B8: 10 | C8: Replacement rank must be > this number
A10: Finish Position | B10: Points
A11: 1 | B11: 100
A12: 2 | B12: 80
A13: 3 | B13: 70
A14: 4 | B14: 60
A15: 5 | B15: 50
A16: 6 | B16: 48
A17: 7 | B17: 47
A18: 8 | B18: 46
A19: 9 | B19: 45
A20: 10 | B20: 44
A21: 11 | B21: 43
A22: 12 | B22: 42
... A60: 50 | B60: 4

Sheet Field
A1: Player | B1: OWGR Rank | C1: Region | D1: Salary | E1: Top 10? | F1: Outside Top 30? | G1: Source | H1: Odds
A2: Scottie Scheffler | B2: 1 | C2: USA | D2: =30 - ((ROW(A1) - ROW($A$1)) * 0.3) -> 30 | E2: Y | F2: N | G2: OWGR event field breakdown | H2: =VLOOKUP(FieldTable[[#This Row],[Player]],'Odd Rankings'!A:M,13,FALSE) -> 6.5909091
A3: Jon Rahm | B3: 30 | C3: EU | D3: =30 - ((ROW(A2) - ROW($A$1)) * 0.3) -> 29.7 | E3: Y | F3: N | G3: OWGR event field breakdown | H3: =VLOOKUP(FieldTable[[#This Row],[Player]],'Odd Rankings'!A:M,13,FALSE) -> 11.181818
A4: Bryson DeChambeau | B4: 24 | C4: USA | D4: =30 - ((ROW(A3) - ROW($A$1)) * 0.3) -> 29.4 | E4: Y | F4: N | G4: OWGR event field breakdown | H4: =VLOOKUP(FieldTable[[#This Row],[Player]],'Odd Rankings'!A:M,13,FALSE) -> 12.272727
A5: Rory McIlroy | B5: 2 | C5: EU | D5: =30 - ((ROW(A4) - ROW($A$1)) * 0.3) -> 29.1 | E5: Y | F5: N | G5: OWGR event field breakdown | H5: =VLOOKUP(FieldTable[[#This Row],[Player]],'Odd Rankings'!A:M,13,FALSE) -> 13.454545
A6: Xander Schauffele | B6: 10 | C6: USA | D6: =30 - ((ROW(A5) - ROW($A$1)) * 0.3) -> 28.8 | E6: Y | F6: N | G6: OWGR event field breakdown | H6: =VLOOKUP(FieldTable[[#This Row],[Player]],'Odd Rankings'!A:M,13,FALSE) -> 14.090909
A7: Ludvig Aberg | B7: 17 | C7: EU | D7: =30 - ((ROW(A6) - ROW($A$1)) * 0.3) -> 28.5 | E7: Y | F7: N | G7: OWGR event field breakdown | H7: =VLOOKUP(FieldTable[[#This Row],[Player]],'Odd Rankings'!A:M,13,FALSE) -> 16.272727
A8: Matt Fitzpatrick | B8: 6 | C8: EU | D8: =30 - ((ROW(A7) - ROW($A$1)) * 0.3) -> 28.2 | E8: Y | F8: N | G8: OWGR event field breakdown | H8: =VLOOKUP(FieldTable[[#This Row],[Player]],'Odd Rankings'!A:M,13,FALSE) -> 19.181818
A9: Cameron Young | B9: 3 | C9: USA | D9: =30 - ((ROW(A8) - ROW($A$1)) * 0.3) -> 27.9 | E9: Y | F9: N | G9: OWGR event field breakdown | H9: =VLOOKUP(FieldTable[[#This Row],[Player]],'Odd Rankings'!A:M,13,FALSE) -> 19.363636
A10: Tommy Fleetwood | B10: 4 | C10: EU | D10: =30 - ((ROW(A9) - ROW($A$1)) * 0.3) -> 27.6 | E10: Y | F10: N | G10: OWGR event field breakdown | H10: =VLOOKUP(FieldTable[[#This Row],[Player]],'Odd Rankings'!A:M,13,FALSE) -> 19.909091
A11: Hideki Matsuyama | B11: 14 | C11: ROW | D11: =30 - ((ROW(A10) - ROW($A$1)) * 0.3) -> 27.3 | E11: Y | F11: N | G11: OWGR event field breakdown | H11: =VLOOKUP(FieldTable[[#This Row],[Player]],'Odd Rankings'!A:M,13,FALSE) -> 26
A12: Robert MacIntyre | B12: 8 | C12: EU | D12: =30 - ((ROW(A11) - ROW($A$1)) * 0.3) -> 27 | E12: N | F12: N | G12: OWGR event field breakdown | H12: =VLOOKUP(FieldTable[[#This Row],[Player]],'Odd Rankings'!A:M,13,FALSE) -> 27
A13: Justin Rose | B13: 9 | C13: EU | D13: =30 - ((ROW(A12) - ROW($A$1)) * 0.3) -> 26.7 | E13: N | F13: N | G13: OWGR event field breakdown | H13: =VLOOKUP(FieldTable[[#This Row],[Player]],'Odd Rankings'!A:M,13,FALSE) -> 27.363636
... A81: Naoyuki Kataoka | B81: 372 | C81: ROW | D81: =30 - ((ROW(A80) - ROW($A$1)) * 0.3) -> 6.3 | E81: N | F81: Y | G81: OWGR event field breakdown | H81: =VLOOKUP(FieldTable[[#This Row],[Player]],'Odd Rankings'!A:M,13,FALSE) -> 869.18182
A82: Mason Howell | B82: NR | C82: USA | D82: =30 - ((ROW(A81) - ROW($A$1)) * 0.3) -> 6 | E82: N | F82: Y | G82: OWGR event field breakdown | H82: =VLOOKUP(FieldTable[[#This Row],[Player]],'Odd Rankings'!A:M,13,FALSE) -> 978.27273
A83: Ethan Fang | B83: 4935 | C83: USA | D83: =30 - ((ROW(A82) - ROW($A$1)) * 0.3) -> 5.7 | E83: N | F83: Y | G83: OWGR event field breakdown | H83: =VLOOKUP(FieldTable[[#This Row],[Player]],'Odd Rankings'!A:M,13,FALSE) -> 1001
A84: Angel Cabrera | B84: 3092 | C84: ROW | D84: =30 - ((ROW(A83) - ROW($A$1)) * 0.3) -> 5.4 | E84: N | F84: Y | G84: OWGR event field breakdown | H84: =VLOOKUP(FieldTable[[#This Row],[Player]],'Odd Rankings'!A:M,13,FALSE) -> 1023.7273
A85: Fifa Laopakdee | B85: 4935 | C85: ROW | D85: =30 - ((ROW(A84) - ROW($A$1)) * 0.3) -> 5.1 | E85: N | F85: Y | G85: OWGR event field breakdown | H85: =VLOOKUP(FieldTable[[#This Row],[Player]],'Odd Rankings'!A:M,13,FALSE) -> 1051
A86: Vijay Singh | B86: 1418 | C86: ROW | D86: =30 - ((ROW(A85) - ROW($A$1)) * 0.3) -> 4.8 | E86: N | F86: Y | G86: OWGR event field breakdown | H86: =VLOOKUP(FieldTable[[#This Row],[Player]],'Odd Rankings'!A:M,13,FALSE) -> 1251
A87: Brandon Holtz | B87: NR | C87: USA | D87: =30 - ((ROW(A86) - ROW($A$1)) * 0.3) -> 4.5 | E87: N | F87: Y | G87: OWGR event field breakdown | H87: =VLOOKUP(FieldTable[[#This Row],[Player]],'Odd Rankings'!A:M,13,FALSE) -> 1251
A88: Jackson Herrington | B88: NR | C88: USA | D88: =30 - ((ROW(A87) - ROW($A$1)) * 0.3) -> 4.2 | E88: N | F88: Y | G88: OWGR event field breakdown | H88: =VLOOKUP(FieldTable[[#This Row],[Player]],'Odd Rankings'!A:M,13,FALSE) -> 1251
A89: Fred Couples | B89: 4935 | C89: USA | D89: =30 - ((ROW(A88) - ROW($A$1)) * 0.3) -> 3.9 | E89: N | F89: Y | G89: OWGR event field breakdown | H89: =VLOOKUP(FieldTable[[#This Row],[Player]],'Odd Rankings'!A:M,13,FALSE) -> 1296.4545
A90: Mateo Pulcini | B90: NR | C90: EU | D90: =30 - ((ROW(A89) - ROW($A$1)) * 0.3) -> 3.6 | E90: N | F90: Y | G90: OWGR event field breakdown | H90: =VLOOKUP(FieldTable[[#This Row],[Player]],'Odd Rankings'!A:M,13,FALSE) -> 1296.4545
A91: Mike Weir | B91: 4935 | C91: ROW | D91: =30 - ((ROW(A90) - ROW($A$1)) * 0.3) -> 3.3 | E91: N | F91: Y | G91: OWGR event field breakdown | H91: =VLOOKUP(FieldTable[[#This Row],[Player]],'Odd Rankings'!A:M,13,FALSE) -> 1341.9091
A92: Jose Maria Olazabal | B92: 3804 | C92: EU | D92: =30 - ((ROW(A91) - ROW($A$1)) * 0.3) -> 3 | E92: N | F92: Y | G92: OWGR event field breakdown | H92: =VLOOKUP(FieldTable[[#This Row],[Player]],'Odd Rankings'!A:M,13,FALSE) -> 1569.1818

Sheet Odd Rankings
A1: Golfer | B1: bet365 | C1: Betway | D1: William Hill | E1: 10bet | F1: Unibet | G1: Betfred | H1: 888sport | I1: Spreadex | J1: Ladbrokes | K1: BetVictor | L1: BetMGM UK | M1: Winner aggregateed
A2: Scottie Scheffler | B2: 6.5 | C2: 6.5 | D2: 6.5 | E2: 6.5 | F2: 7 | G2: 7 | H2: 6.5 | I2: 6.5 | J2: 6 | K2: 7 | L2: 6.5 | M2: 6.5909091
A3: Jon Rahm | B3: 11 | C3: 11 | D3: 12 | E3: 11 | F3: 11 | G3: 12 | H3: 12 | I3: 11 | J3: 9 | K3: 12 | L3: 11 | M3: 11.181818
A4: Bryson DeChambeau | B4: 13 | C4: 11 | D4: 13 | E4: 12 | F4: 12 | G4: 13 | H4: 13 | I4: 13 | J4: 11 | K4: 13 | L4: 11 | M4: 12.272727
A5: Rory McIlroy | B5: 13 | C5: 12 | D5: 15 | E5: 14 | F5: 14 | G5: 13 | H5: 15 | I5: 13 | J5: 11 | K5: 15 | L5: 13 | M5: 13.454545
A6: Xander Schauffele | B6: 15 | C6: 13 | D6: 13 | E6: 13 | F6: 16 | G6: 15 | H6: 13 | I6: 13 | J6: 12 | K6: 17 | L6: 15 | M6: 14.090909
A7: Ludvig Aberg | B7: 17 | C7: 15 | D7: 17 | E7: 15 | F7: 19 | G7: 17 | H7: 17 | I7: 15 | J7: 13 | K7: 19 | L7: 15 | M7: 16.272727
A8: Matt Fitzpatrick | B8: 19 | C8: 19 | D8: 19 | E8: 19 | F8: 19 | G8: 19 | H8: 19 | I8: 17 | J8: 17 | K8: 23 | L8: 21 | M8: 19.181818
A9: Cameron Young | B9: 19 | C9: 19 | D9: 19 | E9: 19 | F9: 23 | G9: 19 | H9: 19 | I9: 17 | J9: 17 | K9: 23 | L9: 19 | M9: 19.363636
A10: Tommy Fleetwood | B10: 21 | C10: 19 | D10: 19 | E10: 19 | F10: 23 | G10: 21 | H10: 19 | I10: 17 | J10: 17 | K10: 23 | L10: 21 | M10: 19.909091
A11: Hideki Matsuyama | B11: 26 | C11: 26 | D11: 26 | E11: 26 | F11: 26 | G11: 26 | H11: 26 | I11: 26 | J11: 21 | K11: 31 | L11: 26 | M11: 26
A12: Robert MacIntyre | B12: 26 | C12: 26 | D12: 23 | E12: 29 | F12: 29 | G12: 29 | H12: 23 | I12: 26 | J12: 21 | K12: 36 | L12: 29 | M12: 27
A13: Justin Rose | B13: 26 | C13: 26 | D13: 23 | E13: 29 | F13: 31 | G13: 29 | H13: 23 | I13: 26 | J13: 23 | K13: 36 | L13: 29 | M13: 27.363636
... A84: Angel Cabrera | B84: 1501 | C84: 1001 | D84: 1001 | E84: 751 | F84: 1001 | G84: 1001 | H84: 1001 | I84: 1001 | J84: 1001 | K84: 1001 | L84: 1001 | M84: 1023.7273
A85: Fifa Laopakdee | B85: 1501 | C85: 1001 | D85: 1001 | E85: 751 | G85: 1501 | H85: 1001 | I85: 1001 | J85: 751 | K85: 1001 | L85: 1001 | M85: 1051
A86: Vijay Singh | B86: 2001 | C86: 2001 | D86: 1001 | E86: 751 | F86: 1001 | G86: 2001 | H86: 1001 | I86: 1001 | J86: 1001 | K86: 1001 | L86: 1001 | M86: 1251
A87: Brandon Holtz | B87: 2501 | C87: 1501 | D87: 1001 | E87: 751 | F87: 1001 | G87: 2001 | H87: 1001 | I87: 1001 | J87: 1001 | K87: 1001 | L87: 1001 | M87: 1251
A88: Jackson Herrington | B88: 2501 | C88: 1501 | D88: 1001 | E88: 751 | F88: 1001 | G88: 2001 | H88: 1001 | I88: 1001 | J88: 1001 | K88: 1001 | L88: 1001 | M88: 1251
A89: Fred Couples | B89: 2501 | C89: 1501 | D89: 1501 | E89: 751 | F89: 1001 | G89: 2001 | H89: 1001 | I89: 1001 | J89: 1001 | K89: 1001 | L89: 1001 | M89: 1296.4545
A90: Mateo Pulcini | B90: 3001 | C90: 1501 | D90: 1501 | E90: 751 | F90: 1001 | G90: 1501 | H90: 1001 | I90: 1001 | J90: 1001 | K90: 1001 | L90: 1001 | M90: 1296.4545
A91: Mike Weir | B91: 3001 | C91: 1501 | D91: 1501 | E91: 751 | F91: 1001 | G91: 2001 | H91: 1001 | I91: 1001 | J91: 1001 | K91: 1001 | L91: 1001 | M91: 1341.9091
A92: Jose Maria Olazabal | B92: 4001 | C92: 2001 | D92: 2001 | E92: 751 | F92: 1001 | G92: 2501 | H92: 1001 | I92: 1001 | J92: 1001 | K92: 1001 | L92: 1001 | M92: 1569.1818

Sheet Draft
A1: Seb Draft | B1: Player 1 Draft | C1: Player 1 Draft | D1: Player 1 Draft | E1: Player 1 Draft | F1: Player 1 Draft | G1: Player 1 Draft | H1: Player 1 Draft | I1: Player 1 Draft | J1: Player 1 Draft | L1: Nick Draft | M1: Player 2 Draft | N1: Player 2 Draft | O1: Player 2 Draft | P1: Player 2 Draft | Q1: Player 2 Draft | R1: Player 2 Draft | S1: Player 2 Draft | T1: Player 2 Draft | U1: Player 2 Draft
A3: Slot | B3: Player | C3: OWGR Rank | D3: Region | E3: Salary | F3: Outside Top 30? | G3: Captain | H3: Duplicate? | I3: Replacement Eligible? | J3: Notes | L3: Slot | M3: Player | N3: OWGR Rank | O3: Region | P3: Salary | Q3: Outside Top 30? | R3: Captain | S3: Duplicate? | T3: Replacement Eligible? | U3: Notes
A4: 1 | C4: =IF(B4="","",VLOOKUP(B4,Field!$A$2:$D$92,2,FALSE)) | D4: =IF(B4="","",VLOOKUP(B4,Field!$A$2:$G$92,3,FALSE)) | E4: =IF(B4="","",VLOOKUP(B4,Field!$A$2:$D$92,4,FALSE)) | F4: =IF(C4="","",IF(C4>30,"Y","N")) | G4: Y | H4: =IF(B4="","",IF(COUNTIF($B$4:$B$7,B4)+COUNTIF($M$4:$M$7,B4)>1,"DUPLICATE","OK")) | I4: =IF(B4="","",IF(C4>Config!$B$8,"OK","TOP 10")) | J4: =IF(B4="","Use dropdown","") -> Use dropdown | L4: 1 | N4: =IF(M4="","",VLOOKUP(M4,Field!$A$2:$D$92,2,FALSE)) | O4: =IF(M4="","",VLOOKUP(M4,Field!$A$2:$G$92,3,FALSE)) | P4: =IF(M4="","",VLOOKUP(M4,Field!$A$2:$D$92,4,FALSE)) | Q4: =IF(N4="","",IF(N4>30,"Y","N")) | R4: Y | S4: =IF(M4="","",IF(COUNTIF($B$4:$B$7,M4)+COUNTIF($M$4:$M$7,M4)>1,"DUPLICATE","OK")) | T4: =IF(M4="","",IF(N4>Config!$B$8,"OK","TOP 10")) | U4: =IF(M4="","Use dropdown","") -> Use dropdown
A5: 2 | C5: =IF(B5="","",VLOOKUP(B5,Field!$A$2:$D$92,2,FALSE)) | D5: =IF(B5="","",VLOOKUP(B5,Field!$A$2:$G$92,3,FALSE)) | E5: =IF(B5="","",VLOOKUP(B5,Field!$A$2:$D$92,4,FALSE)) | F5: =IF(C5="","",IF(C5>30,"Y","N")) | H5: =IF(B5="","",IF(COUNTIF($B$4:$B$7,B5)+COUNTIF($M$4:$M$7,B5)>1,"DUPLICATE","OK")) | I5: =IF(B5="","",IF(C5>Config!$B$8,"OK","TOP 10")) | J5: =IF(B5="","Use dropdown","") -> Use dropdown | L5: 2 | N5: =IF(M5="","",VLOOKUP(M5,Field!$A$2:$D$92,2,FALSE)) | O5: =IF(M5="","",VLOOKUP(M5,Field!$A$2:$G$92,3,FALSE)) | P5: =IF(M5="","",VLOOKUP(M5,Field!$A$2:$D$92,4,FALSE)) | Q5: =IF(N5="","",IF(N5>30,"Y","N")) | S5: =IF(M5="","",IF(COUNTIF($B$4:$B$7,M5)+COUNTIF($M$4:$M$7,M5)>1,"DUPLICATE","OK")) | T5: =IF(M5="","",IF(N5>Config!$B$8,"OK","TOP 10")) | U5: =IF(M5="","Use dropdown","") -> Use dropdown
A6: 3 | C6: =IF(B6="","",VLOOKUP(B6,Field!$A$2:$D$92,2,FALSE)) | D6: =IF(B6="","",VLOOKUP(B6,Field!$A$2:$G$92,3,FALSE)) | E6: =IF(B6="","",VLOOKUP(B6,Field!$A$2:$D$92,4,FALSE)) | F6: =IF(C6="","",IF(C6>30,"Y","N")) | H6: =IF(B6="","",IF(COUNTIF($B$4:$B$7,B6)+COUNTIF($M$4:$M$7,B6)>1,"DUPLICATE","OK")) | I6: =IF(B6="","",IF(C6>Config!$B$8,"OK","TOP 10")) | J6: =IF(B6="","Use dropdown","") -> Use dropdown | L6: 3 | N6: =IF(M6="","",VLOOKUP(M6,Field!$A$2:$D$92,2,FALSE)) | O6: =IF(M6="","",VLOOKUP(M6,Field!$A$2:$G$92,3,FALSE)) | P6: =IF(M6="","",VLOOKUP(M6,Field!$A$2:$D$92,4,FALSE)) | Q6: =IF(N6="","",IF(N6>30,"Y","N")) | S6: =IF(M6="","",IF(COUNTIF($B$4:$B$7,M6)+COUNTIF($M$4:$M$7,M6)>1,"DUPLICATE","OK")) | T6: =IF(M6="","",IF(N6>Config!$B$8,"OK","TOP 10")) | U6: =IF(M6="","Use dropdown","") -> Use dropdown
A7: 4 | C7: =IF(B7="","",VLOOKUP(B7,Field!$A$2:$D$92,2,FALSE)) | D7: =IF(B7="","",VLOOKUP(B7,Field!$A$2:$G$92,3,FALSE)) | E7: =IF(B7="","",VLOOKUP(B7,Field!$A$2:$D$92,4,FALSE)) | F7: =IF(C7="","",IF(C7>30,"Y","N")) | H7: =IF(B7="","",IF(COUNTIF($B$4:$B$7,B7)+COUNTIF($M$4:$M$7,B7)>1,"DUPLICATE","OK")) | I7: =IF(B7="","",IF(C7>Config!$B$8,"OK","TOP 10")) | J7: =IF(B7="","Use dropdown","") -> Use dropdown | L7: 4 | N7: =IF(M7="","",VLOOKUP(M7,Field!$A$2:$D$92,2,FALSE)) | O7: =IF(M7="","",VLOOKUP(M7,Field!$A$2:$G$92,3,FALSE)) | P7: =IF(M7="","",VLOOKUP(M7,Field!$A$2:$D$92,4,FALSE)) | Q7: =IF(N7="","",IF(N7>30,"Y","N")) | S7: =IF(M7="","",IF(COUNTIF($B$4:$B$7,M7)+COUNTIF($M$4:$M$7,M7)>1,"DUPLICATE","OK")) | T7: =IF(M7="","",IF(N7>Config!$B$8,"OK","TOP 10")) | U7: =IF(M7="","Use dropdown","") -> Use dropdown
A10: Team 1 Validation | B10: Team 1 Validation | C10: Team 1 Validation | D10: Team 1 Validation | E10: Team 1 Validation | F10: Team 1 Validation | L10: Team 2 Validation | M10: Team 2 Validation | N10: Team 2 Validation | O10: Team 2 Validation | P10: Team 2 Validation | Q10: Team 2 Validation
A11: Metric | B11: Status | D11: Metric | E11: Value | L11: Metric | M11: Status | O11: Metric | P11: Value
A12: Players Selected | B12: =IF(COUNTA($B$4:$B$7)=4,"OK","INCOMPLETE") -> INCOMPLETE | D12: Captain Count | E12: =COUNTIF($G$4:$G$7,"Y") -> 1 | L12: Players Selected | M12: =IF(COUNTA($M$4:$M$7)=4,"OK","INCOMPLETE") -> INCOMPLETE | O12: Captain Count | P12: =COUNTIF($R$4:$R$7,"Y") -> 1
A13: Salary Cap | B13: =IF(SUM($E$4:$E$7)<=Config!$B$2,"OK","OVER CAP") -> OK | D13: Draft Valid? | E13: =IF(AND(B12="OK",B13="OK",B14="OK",B15="OK",B16="OK",B17="OK",E12=1,E15="NO"),"VALID","INVALID") -> INVALID | L13: Salary Cap | M13: =IF(SUM($P$4:$P$7)<=Config!$B$2,"OK","OVER CAP") -> OK | O13: Draft Valid? | P13: =IF(AND(M12="OK",M13="OK",M14="OK",M15="OK",M16="OK",M17="OK",P12=1,P15="NO"),"VALID","INVALID") -> INVALID
A14: 1 USA | B14: =IF(COUNTIF($D$4:$D$7,"USA")>=1,"OK","MISSING") -> MISSING | D14: Team Salary | E14: =SUM($E$4:$E$7) -> 0 | L14: 1 USA | M14: =IF(COUNTIF($O$4:$O$7,"USA")>=1,"OK","MISSING") -> MISSING | O14: Team Salary | P14: =SUM($P$4:$P$7) -> 0
A15: 1 European | B15: =IF(COUNTIF($D$4:$D$7,"EU")>=1,"OK","MISSING") -> MISSING | D15: Duplicates Present? | E15: =IF(COUNTIF($H$4:$H$7,"DUPLICATE")+COUNTIF($S$4:$S$7,"DUPLICATE")>0,"YES","NO") -> NO | L15: 1 European | M15: =IF(COUNTIF($O$4:$O$7,"EU")>=1,"OK","MISSING") -> MISSING | O15: Duplicates Present? | P15: =IF(COUNTIF($H$4:$H$7,"DUPLICATE")+COUNTIF($S$4:$S$7,"DUPLICATE")>0,"YES","NO") -> NO
A16: 1 Rest of World | B16: =IF(COUNTIF($D$4:$D$7,"ROW")>=1,"OK","MISSING") -> MISSING | L16: 1 Rest of World | M16: =IF(COUNTIF($O$4:$O$7,"ROW")>=1,"OK","MISSING") -> MISSING
A17: 1 Outside Top 30 | B17: =IF(COUNTIF($F$4:$F$7,"Y")>=1,"OK","MISSING") -> MISSING | L17: 1 Outside Top 30 | M17: =IF(COUNTIF($Q$4:$Q$7,"Y")>=1,"OK","MISSING") -> MISSING

Sheet Results
A1: Player 1 Results | B1: Player 1 Results | C1: Player 1 Results | D1: Player 1 Results | E1: Player 1 Results | F1: Player 1 Results | G1: Player 1 Results | H1: Player 1 Results | I1: Player 1 Results | J1: Player 1 Results | K1: Player 1 Results | L1: Player 1 Results | M1: Player 1 Results | N1: Player 1 Results | O1: Player 1 Results | Q1: Player 2 Results | R1: Player 2 Results | S1: Player 2 Results | T1: Player 2 Results | U1: Player 2 Results | V1: Player 2 Results | W1: Player 2 Results | X1: Player 2 Results | Y1: Player 2 Results | Z1: Player 2 Results | AA1: Player 2 Results | AB1: Player 2 Results | AC1: Player 2 Results | AD1: Player 2 Results | AE1: Player 2 Results
A3: Slot | B3: Original Player | C3: Captain | D3: Finish Pos | E3: Birdies | F3: Eagles | G3: Bogeys | H3: MC? | I3: Replacement | J3: Rep Rank | K3: Rep OK? | L3: Rep Finish | M3: Rep Birdies | N3: Rep Eagles | O3: Rep Bogeys | P3: Slot Total | Q3: Slot | R3: Original Player | S3: Captain | T3: Finish Pos | U3: Birdies | V3: Eagles | W3: Bogeys | X3: MC? | Y3: Replacement | Z3: Rep Rank | AA3: Rep OK? | AB3: Rep Finish | AC3: Rep Birdies | AD3: Rep Eagles | AE3: Rep Bogeys | AF3: Slot Total
A4: 1 | B4: =IF(Draft!B4="","",Draft!B4) | C4: =IF(Draft!G4="","",Draft!G4) -> Y | J4: =IF(I4="","",VLOOKUP(I4,Field!$A$2:$D$92,2,FALSE)) | K4: =IF(I4="","",IF(J4>Config!$B$8,"OK","INVALID - TOP 10")) | P4: =IF(B4="","",(IF(H4="Y",Config!$B$6 + IF(AND(I4<>"",K4="OK",L4<=51),VLOOKUP(L4,Config!$A$11:$B$60,2,FALSE)+M4*Config!$B$3+N4*Config!$B$4+O4*Config!$B$5,0),IF(D4<=51,VLOOKUP(D4,Config!$A$11:$B$60,2,FALSE)+E4*Config!$B$3+F4*Config!$B$4+G4*Config!$B$5,0)))*IF(C4="Y",Config!$B$7,1)) | Q4: 1 | R4: =IF(Draft!M4="","",Draft!M4) | S4: =IF(Draft!R4="","",Draft!R4) -> Y | Z4: =IF(Y4="","",VLOOKUP(Y4,Field!$A$2:$D$92,2,FALSE)) | AA4: =IF(Y4="","",IF(Z4>Config!$B$8,"OK","INVALID - TOP 10")) | AF4: =IF(R4="","",(IF(X4="Y",Config!$B$6 + IF(AND(Y4<>"",AA4="OK",AB4<=51),VLOOKUP(AB4,Config!$A$11:$B$60,2,FALSE)+AC4*Config!$B$3+AD4*Config!$B$4+AE4*Config!$B$5,0),IF(T4<=51,VLOOKUP(T4,Config!$A$11:$B$60,2,FALSE)+U4*Config!$B$3+V4*Config!$B$4+W4*Config!$B$5,0)))*IF(S4="Y",Config!$B$7,1))
A5: 2 | B5: =IF(Draft!B5="","",Draft!B5) | C5: =IF(Draft!G5="","",Draft!G5) | J5: =IF(I5="","",VLOOKUP(I5,Field!$A$2:$D$92,2,FALSE)) | K5: =IF(I5="","",IF(J5>Config!$B$8,"OK","INVALID - TOP 10")) | P5: =IF(B5="","",(IF(H5="Y",Config!$B$6 + IF(AND(I5<>"",K5="OK",L5<=51),VLOOKUP(L5,Config!$A$11:$B$56,2,FALSE)+M5*Config!$B$3+N5*Config!$B$4+O5*Config!$B$5,0),IF(D5<=51,VLOOKUP(D5,Config!$A$11:$B$56,2,FALSE)+E5*Config!$B$3+F5*Config!$B$4+G5*Config!$B$5,0)))*IF(C5="Y",Config!$B$7,1)) | Q5: 2 | R5: =IF(Draft!M5="","",Draft!M5) | S5: =IF(Draft!R5="","",Draft!R5) | Z5: =IF(Y5="","",VLOOKUP(Y5,Field!$A$2:$D$92,2,FALSE)) | AA5: =IF(Y5="","",IF(Z5>Config!$B$8,"OK","INVALID - TOP 10")) | AF5: =IF(R5="","",(IF(X5="Y",Config!$B$6 + IF(AND(Y5<>"",AA5="OK",AB5<=51),VLOOKUP(AB5,Config!$A$11:$B$60,2,FALSE)+AC5*Config!$B$3+AD5*Config!$B$4+AE5*Config!$B$5,0),IF(T5<=51,VLOOKUP(T5,Config!$A$11:$B$60,2,FALSE)+U5*Config!$B$3+V5*Config!$B$4+W5*Config!$B$5,0)))*IF(S5="Y",Config!$B$7,1))
A6: 3 | B6: =IF(Draft!B6="","",Draft!B6) | C6: =IF(Draft!G6="","",Draft!G6) | J6: =IF(I6="","",VLOOKUP(I6,Field!$A$2:$D$92,2,FALSE)) | K6: =IF(I6="","",IF(J6>Config!$B$8,"OK","INVALID - TOP 10")) | P6: =IF(B6="","",(IF(H6="Y",Config!$B$6 + IF(AND(I6<>"",K6="OK",L6<=51),VLOOKUP(L6,Config!$A$11:$B$56,2,FALSE)+M6*Config!$B$3+N6*Config!$B$4+O6*Config!$B$5,0),IF(D6<=51,VLOOKUP(D6,Config!$A$11:$B$56,2,FALSE)+E6*Config!$B$3+F6*Config!$B$4+G6*Config!$B$5,0)))*IF(C6="Y",Config!$B$7,1)) | Q6: 3 | R6: =IF(Draft!M6="","",Draft!M6) | S6: =IF(Draft!R6="","",Draft!R6) | Z6: =IF(Y6="","",VLOOKUP(Y6,Field!$A$2:$D$92,2,FALSE)) | AA6: =IF(Y6="","",IF(Z6>Config!$B$8,"OK","INVALID - TOP 10")) | AF6: =IF(R6="","",(IF(X6="Y",Config!$B$6 + IF(AND(Y6<>"",AA6="OK",AB6<=51),VLOOKUP(AB6,Config!$A$11:$B$60,2,FALSE)+AC6*Config!$B$3+AD6*Config!$B$4+AE6*Config!$B$5,0),IF(T6<=51,VLOOKUP(T6,Config!$A$11:$B$60,2,FALSE)+U6*Config!$B$3+V6*Config!$B$4+W6*Config!$B$5,0)))*IF(S6="Y",Config!$B$7,1))
A7: 4 | B7: =IF(Draft!B7="","",Draft!B7) | C7: =IF(Draft!G7="","",Draft!G7) | J7: =IF(I7="","",VLOOKUP(I7,Field!$A$2:$D$92,2,FALSE)) | K7: =IF(I7="","",IF(J7>Config!$B$8,"OK","INVALID - TOP 10")) | P7: =IF(B7="","",(IF(H7="Y",Config!$B$6 + IF(AND(I7<>"",K7="OK",L7<=51),VLOOKUP(L7,Config!$A$11:$B$56,2,FALSE)+M7*Config!$B$3+N7*Config!$B$4+O7*Config!$B$5,0),IF(D7<=51,VLOOKUP(D7,Config!$A$11:$B$56,2,FALSE)+E7*Config!$B$3+F7*Config!$B$4+G7*Config!$B$5,0)))*IF(C7="Y",Config!$B$7,1)) | Q7: 4 | R7: =IF(Draft!M7="","",Draft!M7) | S7: =IF(Draft!R7="","",Draft!R7) | Z7: =IF(Y7="","",VLOOKUP(Y7,Field!$A$2:$D$92,2,FALSE)) | AA7: =IF(Y7="","",IF(Z7>Config!$B$8,"OK","INVALID - TOP 10")) | AF7: =IF(R7="","",(IF(X7="Y",Config!$B$6 + IF(AND(Y7<>"",AA7="OK",AB7<=51),VLOOKUP(AB7,Config!$A$11:$B$60,2,FALSE)+AC7*Config!$B$3+AD7*Config!$B$4+AE7*Config!$B$5,0),IF(T7<=51,VLOOKUP(T7,Config!$A$11:$B$60,2,FALSE)+U7*Config!$B$3+V7*Config!$B$4+W7*Config!$B$5,0)))*IF(S7="Y",Config!$B$7,1))
O15: ZX

Sheet Leaderboard
A1: Masters Fantasy Leaderboard | B1: Masters Fantasy Leaderboard | C1: Masters Fantasy Leaderboard | D1: Masters Fantasy Leaderboard | E1: Masters Fantasy Leaderboard | F1: Masters Fantasy Leaderboard | G1: Masters Fantasy Leaderboard | H1: Masters Fantasy Leaderboard
A3: Metric | B3: Value | D3: Slot | E3: Player 1 | F3: Player 2
A4: Player 1 Total | B4: =SUM(Results!P4:P7) -> 0 | D4: 1 | E4: =Results!P4 | F4: =Results!AF4
A5: Player 2 Total | B5: =SUM(Results!AF4:AF7) -> 0 | D5: 2 | E5: =Results!P5 | F5: =Results!AF5
A6: Winner | B6: =IF(B4>B5,"Player 1",IF(B5>B4,"Player 2","Tie")) -> Tie | D6: 3 | E6: =Results!P6 | F6: =Results!AF6
D7: 4 | E7: =Results!P7 | F7: =Results!AF7
A8: How to play | D8: Diff | E8: =B4-B5 -> 0
A9: 1 | B9: Pick 4 golfers per side on Draft
A10: 2 | B10: Watch validation panel until team is VALID
A11: 3 | B11: Enter results and replacements on Results
A12: 4 | B12: Read winner here
